name,update_time,order,checklist_order,value
1번 체크리스트,2021-01-10 09:00:00,1,1,1번 체크리스트
2번 체크리스트,2021-01-10 11:00:00,2,2,2번 체크리스트
3번 체크리스트,2021-01-10 14:00:00,3,3,3번 체크리스트
4번 체크리스트,2021-01-10 16:00:00,4,1,4번 체크리스트
5번 체크리스트,2021-01-11 09:00:00,5,2,5번 체크리스트
6번 체크리스트,2021-01-11 11:00:00,6,3,6번 체크리스트
7번 체크리스트,2021-01-11 09:00:00,7,1,7번 체크리스트
8번 체크리스트,2021-01-11 11:00:00,8,2,8번 체크리스트
9번 체크리스트,2021-01-11 14:00:00,9,3,9번 체크리스트
10번 체크리스트,2021-01-11 16:00:00,10,1,10번 체크리스트
11번 체크리스트,2021-01-12 09:00:00,11,2,11번 체크리스트
12번 체크리스트,2021-01-12 11:00:00,12,3,12번 체크리스트
13번 체크리스트,2021-01-12 09:00:00,13,1,13번 체크리스트
14번 체크리스트,2021-01-12 11:00:00,14,2,14번 체크리스트
15번 체크리스트,2021-01-12 14:00:00,15,3,15번 체크리스트
16번 체크리스트,2021-01-12 16:00:00,16,1,16번 체크리스트
17번 체크리스트,2021-01-13 09:00:00,17,2,17번 체크리스트
18번 체크리스트,2021-01-13 11:00:00,18,3,18번 체크리스트
19번 체크리스트,2021-01-13 09:00:00,19,1,19번 체크리스트
20번 체크리스트,2021-01-13 11:00:00,20,2,20번 체크리스트
21번 체크리스트,2021-01-13 14:00:00,21,3,21번 체크리스트
22번 체크리스트,2021-01-13 16:00:00,22,1,22번 체크리스트
23번 체크리스트,2021-01-14 09:00:00,23,2,23번 체크리스트
24번 체크리스트,2021-01-14 11:00:00,24,3,24번 체크리스트
25번 체크리스트,2021-01-14 09:00:00,25,1,25번 체크리스트
26번 체크리스트,2021-01-14 11:00:00,26,2,26번 체크리스트
27번 체크리스트,2021-01-14 14:00:00,27,3,27번 체크리스트
28번 체크리스트,2021-01-14 16:00:00,28,1,28번 체크리스트
29번 체크리스트,2021-01-15 09:00:00,29,2,29번 체크리스트
30번 체크리스트,2021-01-14 11:00:00,30,3,30번 체크리스트
